Country Name,Country Code,Series Name,Series Code,2022 [YR2022]
Afghanistan,AFG,"Population, total",SP.POP.TOTL,40578842
Afghanistan,AFG,"Life expectancy at birth, total (years)",SP.DYN.LE00.IN,62.879
Afghanistan,AFG,GDP per capita (current US$),NY.GDP.PCAP.CD,357.261152798144
Albania,ALB,"Population, total",SP.POP.TOTL,2777689
Albania,ALB,"Life expectancy at birth, total (years)",SP.DYN.LE00.IN,76.833
Albania,ALB,GDP per capita (current US$),NY.GDP.PCAP.CD,6846.42614266044
Algeria,DZA,"Population, total",SP.POP.TOTL,45477389
Algeria,DZA,"Life expectancy at birth, total (years)",SP.DYN.LE00.IN,77.129
Algeria,DZA,GDP per capita (current US$),NY.GDP.PCAP.CD,4961.55257664733
American Samoa,ASM,"Population, total",SP.POP.TOTL,48342
American Samoa,ASM,"Life expectancy at birth, total (years)",SP.DYN.LE00.IN,..
American Samoa,ASM,GDP per capita (current US$),NY.GDP.PCAP.CD,18017.4589383973
Andorra,AND,"Population, total",SP.POP.TOTL,79705
Andorra,AND,"Life expectancy at birth, total (years)",SP.DYN.LE00.IN,..
Andorra,AND,GDP per capita (current US$),NY.GDP.PCAP.CD,42414.0590092117
Angola,AGO,"Population, total",SP.POP.TOTL,35635029
Angola,AGO,"Life expectancy at birth, total (years)",SP.DYN.LE00.IN,61.929
Angola,AGO,GDP per capita (current US$),NY.GDP.PCAP.CD,2929.69445467272
Antigua and Barbuda,ATG,"Population, total",SP.POP.TOTL,92840
Antigua and Barbuda,ATG,"Life expectancy at birth, total (years)",SP.DYN.LE00.IN,79.236
Antigua and Barbuda,ATG,GDP per capita (current US$),NY.GDP.PCAP.CD,20117.7653310355
Argentina,ARG,"Population, total",SP.POP.TOTL,45407904
Argentina,ARG,"Life expectancy at birth, total (years)",SP.DYN.LE00.IN,76.064
Argentina,ARG,GDP per capita (current US$),NY.GDP.PCAP.CD,13935.6811110049
Armenia,ARM,"Population, total",SP.POP.TOTL,2969200
Armenia,ARM,"Life expectancy at birth, total (years)",SP.DYN.LE00.IN,73.372
Armenia,ARM,GDP per capita (current US$),NY.GDP.PCAP.CD,6571.97445545099
Aruba,ABW,"Population, total",SP.POP.TOTL,107310
Aruba,ABW,"Life expectancy at birth, total (years)",SP.DYN.LE00.IN,74.992
Aruba,ABW,GDP per capita (current US$),NY.GDP.PCAP.CD,30559.5335346581
Australia,AUS,"Population, total",SP.POP.TOTL,26014399
Australia,AUS,"Life expectancy at birth, total (years)",SP.DYN.LE00.IN,83.2
Australia,AUS,GDP per capita (current US$),NY.GDP.PCAP.CD,64997.0136536475
Austria,AUT,"Population, total",SP.POP.TOTL,9041851
Austria,AUT,"Life expectancy at birth, total (years)",SP.DYN.LE00.IN,81.0926829268293
Austria,AUT,GDP per capita (current US$),NY.GDP.PCAP.CD,52176.6649141178
Azerbaijan,AZE,"Population, total",SP.POP.TOTL,10141756
Azerbaijan,AZE,"Life expectancy at birth, total (years)",SP.DYN.LE00.IN,73.488
Azerbaijan,AZE,GDP per capita (current US$),NY.GDP.PCAP.CD,7770.594223351
"Bahamas, The",BHS,"Population, total",SP.POP.TOTL,397538
"Bahamas, The",BHS,"Life expectancy at birth, total (years)",SP.DYN.LE00.IN,74.358
"Bahamas, The",BHS,GDP per capita (current US$),NY.GDP.PCAP.CD,33044.388209429
Bahrain,BHR,"Population, total",SP.POP.TOTL,1524693
Bahrain,BHR,"Life expectancy at birth, total (years)",SP.DYN.LE00.IN,79.246
Bahrain,BHR,GDP per capita (current US$),NY.GDP.PCAP.CD,30616.2610677495
Bangladesh,BGD,"Population, total",SP.POP.TOTL,169384897
Bangladesh,BGD,"Life expectancy at birth, total (years)",SP.DYN.LE00.IN,73.698
Bangladesh,BGD,GDP per capita (current US$),NY.GDP.PCAP.CD,2716.48592677835
Barbados,BRB,"Population, total",SP.POP.TOTL,282318
Barbados,BRB,"Life expectancy at birth, total (years)",SP.DYN.LE00.IN,77.706
Barbados,BRB,GDP per capita (current US$),NY.GDP.PCAP.CD,22164.0260273876
Belarus,BLR,"Population, total",SP.POP.TOTL,9228071
Belarus,BLR,"Life expectancy at birth, total (years)",SP.DYN.LE00.IN,73.1114634146342
Belarus,BLR,GDP per capita (current US$),NY.GDP.PCAP.CD,7994.64806074889
Belgium,BEL,"Population, total",SP.POP.TOTL,11680210
Belgium,BEL,"Life expectancy at birth, total (years)",SP.DYN.LE00.IN,81.6975609756098
Belgium,BEL,GDP per capita (current US$),NY.GDP.PCAP.CD,50807.2047084918
Belize,BLZ,"Population, total",SP.POP.TOTL,402733
Belize,BLZ,"Life expectancy at birth, total (years)",SP.DYN.LE00.IN,70.962
Belize,BLZ,GDP per capita (current US$),NY.GDP.PCAP.CD,7068.45478269722
Benin,BEN,"Population, total",SP.POP.TOTL,13759501
Benin,BEN,"Life expectancy at birth, total (years)",SP.DYN.LE00.IN,59.954
Benin,BEN,GDP per capita (current US$),NY.GDP.PCAP.CD,1264.70765976655
Bermuda,BMU,"Population, total",SP.POP.TOTL,64749
Bermuda,BMU,"Life expectancy at birth, total (years)",SP.DYN.LE00.IN,81.571
Bermuda,BMU,GDP per capita (current US$),NY.GDP.PCAP.CD,120897.311155385
Bhutan,BTN,"Population, total",SP.POP.TOTL,780914
Bhutan,BTN,"Life expectancy at birth, total (years)",SP.DYN.LE00.IN,72.229
Bhutan,BTN,GDP per capita (current US$),NY.GDP.PCAP.CD,3711.32767902157
Bolivia,BOL,"Population, total",SP.POP.TOTL,12077154
Bolivia,BOL,"Life expectancy at birth, total (years)",SP.DYN.LE00.IN,64.928
Bolivia,BOL,GDP per capita (current US$),NY.GDP.PCAP.CD,3643.92826968677
Bosnia and Herzegovina,BIH,"Population, total",SP.POP.TOTL,3204802
Bosnia and Herzegovina,BIH,"Life expectancy at birth, total (years)",SP.DYN.LE00.IN,75.293
Bosnia and Herzegovina,BIH,GDP per capita (current US$),NY.GDP.PCAP.CD,7655.59421024383
Botswana,BWA,"Population, total",SP.POP.TOTL,2439892
Botswana,BWA,"Life expectancy at birth, total (years)",SP.DYN.LE00.IN,65.913
Botswana,BWA,GDP per capita (current US$),NY.GDP.PCAP.CD,8329.04032229144
Brazil,BRA,"Population, total",SP.POP.TOTL,210306415
Brazil,BRA,"Life expectancy at birth, total (years)",SP.DYN.LE00.IN,73.425
Brazil,BRA,GDP per capita (current US$),NY.GDP.PCAP.CD,9281.33334441234
British Virgin Islands,VGB,"Population, total",SP.POP.TOTL,38319
British Virgin Islands,VGB,"Life expectancy at birth, total (years)",SP.DYN.LE00.IN,76.373
British Virgin Islands,VGB,GDP per capita (current US$),NY.GDP.PCAP.CD,..
Brunei Darussalam,BRN,"Population, total",SP.POP.TOTL,455370
Brunei Darussalam,BRN,"Life expectancy at birth, total (years)",SP.DYN.LE00.IN,74.551
Brunei Darussalam,BRN,GDP per capita (current US$),NY.GDP.PCAP.CD,36632.9280421411
Bulgaria,BGR,"Population, total",SP.POP.TOTL,6643324
Bulgaria,BGR,"Life expectancy at birth, total (years)",SP.DYN.LE00.IN,74.3609756097561
Bulgaria,BGR,GDP per capita (current US$),NY.GDP.PCAP.CD,13644.201582807
Burkina Faso,BFA,"Population, total",SP.POP.TOTL,22509038
Burkina Faso,BFA,"Life expectancy at birth, total (years)",SP.DYN.LE00.IN,59.766
Burkina Faso,BFA,GDP per capita (current US$),NY.GDP.PCAP.CD,836.118304593682
Burundi,BDI,"Population, total",SP.POP.TOTL,13321097
Burundi,BDI,"Life expectancy at birth, total (years)",SP.DYN.LE00.IN,61.977
Burundi,BDI,GDP per capita (current US$),NY.GDP.PCAP.CD,250.634225368744
Cabo Verde,CPV,"Population, total",SP.POP.TOTL,519741
Cabo Verde,CPV,"Life expectancy at birth, total (years)",SP.DYN.LE00.IN,74.722
Cabo Verde,CPV,GDP per capita (current US$),NY.GDP.PCAP.CD,4323.31362665974
Cambodia,KHM,"Population, total",SP.POP.TOTL,17201724
Cambodia,KHM,"Life expectancy at birth, total (years)",SP.DYN.LE00.IN,69.896
Cambodia,KHM,GDP per capita (current US$),NY.GDP.PCAP.CD,2325.03050040841
Cameroon,CMR,"Population, total",SP.POP.TOTL,27632771
Cameroon,CMR,"Life expectancy at birth, total (years)",SP.DYN.LE00.IN,60.958
Cameroon,CMR,GDP per capita (current US$),NY.GDP.PCAP.CD,1604.87726954895
Canada,CAN,"Population, total",SP.POP.TOTL,38939056
Canada,CAN,"Life expectancy at birth, total (years)",SP.DYN.LE00.IN,81.2956097560976
Canada,CAN,GDP per capita (current US$),NY.GDP.PCAP.CD,55509.393176404
Cayman Islands,CYM,"Population, total",SP.POP.TOTL,71591
Cayman Islands,CYM,"Life expectancy at birth, total (years)",SP.DYN.LE00.IN,..
Cayman Islands,CYM,GDP per capita (current US$),NY.GDP.PCAP.CD,92202.1478031576
Central African Republic,CAF,"Population, total",SP.POP.TOTL,5098039
Central African Republic,CAF,"Life expectancy at birth, total (years)",SP.DYN.LE00.IN,54.477
Central African Republic,CAF,GDP per capita (current US$),NY.GDP.PCAP.CD,467.359825026238
Chad,TCD,"Population, total",SP.POP.TOTL,18455316
Chad,TCD,"Life expectancy at birth, total (years)",SP.DYN.LE00.IN,52.997
Chad,TCD,GDP per capita (current US$),NY.GDP.PCAP.CD,671.720147647873
Channel Islands,CHI,"Population, total",SP.POP.TOTL,167215
Channel Islands,CHI,"Life expectancy at birth, total (years)",SP.DYN.LE00.IN,81.583
Channel Islands,CHI,GDP per capita (current US$),NY.GDP.PCAP.CD,67627.3082341446
Chile,CHL,"Population, total",SP.POP.TOTL,19553036
Chile,CHL,"Life expectancy at birth, total (years)",SP.DYN.LE00.IN,79.519
Chile,CHL,GDP per capita (current US$),NY.GDP.PCAP.CD,15451.1319576678
China,CHN,"Population, total",SP.POP.TOTL,1412175000
China,CHN,"Life expectancy at birth, total (years)",SP.DYN.LE00.IN,78.587
China,CHN,GDP per capita (current US$),NY.GDP.PCAP.CD,12662.5826712038
Colombia,COL,"Population, total",SP.POP.TOTL,51737944
Colombia,COL,"Life expectancy at birth, total (years)",SP.DYN.LE00.IN,73.659
Colombia,COL,GDP per capita (current US$),NY.GDP.PCAP.CD,6674.59601948063
Comoros,COM,"Population, total",SP.POP.TOTL,834188
Comoros,COM,"Life expectancy at birth, total (years)",SP.DYN.LE00.IN,63.68
Comoros,COM,GDP per capita (current US$),NY.GDP.PCAP.CD,1489.49566257969
"Congo, Dem. Rep.",COD,"Population, total",SP.POP.TOTL,102396968
"Congo, Dem. Rep.",COD,"Life expectancy at birth, total (years)",SP.DYN.LE00.IN,59.743
"Congo, Dem. Rep.",COD,GDP per capita (current US$),NY.GDP.PCAP.CD,642.612265820033
"Congo, Rep.",COG,"Population, total",SP.POP.TOTL,6035104
"Congo, Rep.",COG,"Life expectancy at birth, total (years)",SP.DYN.LE00.IN,63.053
"Congo, Rep.",COG,GDP per capita (current US$),NY.GDP.PCAP.CD,2620.83804267402
Costa Rica,CRI,"Population, total",SP.POP.TOTL,5081765
Costa Rica,CRI,"Life expectancy at birth, total (years)",SP.DYN.LE00.IN,77.32
Costa Rica,CRI,GDP per capita (current US$),NY.GDP.PCAP.CD,13625.9008491328
Cote d'Ivoire,CIV,"Population, total",SP.POP.TOTL,30395002
Cote d'Ivoire,CIV,"Life expectancy at birth, total (years)",SP.DYN.LE00.IN,58.916
Cote d'Ivoire,CIV,GDP per capita (current US$),NY.GDP.PCAP.CD,2308.70654660366
Croatia,HRV,"Population, total",SP.POP.TOTL,3855641
Croatia,HRV,"Life expectancy at birth, total (years)",SP.DYN.LE00.IN,77.5756097560976
Croatia,HRV,GDP per capita (current US$),NY.GDP.PCAP.CD,18466.0955472648
Cuba,CUB,"Population, total",SP.POP.TOTL,11059820
Cuba,CUB,"Life expectancy at birth, total (years)",SP.DYN.LE00.IN,78.155
Cuba,CUB,GDP per capita (current US$),NY.GDP.PCAP.CD,..
Curacao,CUW,"Population, total",SP.POP.TOTL,149996
Curacao,CUW,"Life expectancy at birth, total (years)",SP.DYN.LE00.IN,..
Curacao,CUW,GDP per capita (current US$),NY.GDP.PCAP.CD,20501.7522782219
Cyprus,CYP,"Population, total",SP.POP.TOTL,1331370
Cyprus,CYP,"Life expectancy at birth, total (years)",SP.DYN.LE00.IN,81.889
Cyprus,CYP,GDP per capita (current US$),NY.GDP.PCAP.CD,33938.9453125
Czechia,CZE,"Population, total",SP.POP.TOTL,10672118
Czechia,CZE,"Life expectancy at birth, total (years)",SP.DYN.LE00.IN,79.0292682926829
Czechia,CZE,GDP per capita (current US$),NY.GDP.PCAP.CD,28282.2236715857
Denmark,DNK,"Population, total",SP.POP.TOTL,5903037
Denmark,DNK,"Life expectancy at birth, total (years)",SP.DYN.LE00.IN,81.3048780487805
Denmark,DNK,GDP per capita (current US$),NY.GDP.PCAP.CD,68091.3191138669
Djibouti,DJI,"Population, total",SP.POP.TOTL,1137096
Djibouti,DJI,"Life expectancy at birth, total (years)",SP.DYN.LE00.IN,62.859
Djibouti,DJI,GDP per capita (current US$),NY.GDP.PCAP.CD,3231.30015326477
Dominica,DMA,"Population, total",SP.POP.TOTL,66826
Dominica,DMA,"Life expectancy at birth, total (years)",SP.DYN.LE00.IN,72.981
Dominica,DMA,GDP per capita (current US$),NY.GDP.PCAP.CD,9085.67412772363
Dominican Republic,DOM,"Population, total",SP.POP.TOTL,11230734
Dominican Republic,DOM,"Life expectancy at birth, total (years)",SP.DYN.LE00.IN,74.17
Dominican Republic,DOM,GDP per capita (current US$),NY.GDP.PCAP.CD,10109.5234003521
Ecuador,ECU,"Population, total",SP.POP.TOTL,17823897
Ecuador,ECU,"Life expectancy at birth, total (years)",SP.DYN.LE00.IN,77.894
Ecuador,ECU,GDP per capita (current US$),NY.GDP.PCAP.CD,6540.99824522101
"Egypt, Arab Rep.",EGY,"Population, total",SP.POP.TOTL,112618250
"Egypt, Arab Rep.",EGY,"Life expectancy at birth, total (years)",SP.DYN.LE00.IN,70.159
"Egypt, Arab Rep.",EGY,GDP per capita (current US$),NY.GDP.PCAP.CD,4233.30783744856
El Salvador,SLV,"Population, total",SP.POP.TOTL,6280319
El Salvador,SLV,"Life expectancy at birth, total (years)",SP.DYN.LE00.IN,71.475
El Salvador,SLV,GDP per capita (current US$),NY.GDP.PCAP.CD,5093.51833879776
Equatorial Guinea,GNQ,"Population, total",SP.POP.TOTL,1803545
Equatorial Guinea,GNQ,"Life expectancy at birth, total (years)",SP.DYN.LE00.IN,61.19
Equatorial Guinea,GNQ,GDP per capita (current US$),NY.GDP.PCAP.CD,7589.29964909381
Eritrea,ERI,"Population, total",SP.POP.TOTL,3409447
Eritrea,ERI,"Life expectancy at birth, total (years)",SP.DYN.LE00.IN,66.604
Eritrea,ERI,GDP per capita (current US$),NY.GDP.PCAP.CD,..
Estonia,EST,"Population, total",SP.POP.TOTL,1348840
Estonia,EST,"Life expectancy at birth, total (years)",SP.DYN.LE00.IN,77.9439024390244
Estonia,EST,GDP per capita (current US$),NY.GDP.PCAP.CD,28451.1477825175
Eswatini,SWZ,"Population, total",SP.POP.TOTL,1218917
Eswatini,SWZ,"Life expectancy at birth, total (years)",SP.DYN.LE00.IN,56.36
Eswatini,SWZ,GDP per capita (current US$),NY.GDP.PCAP.CD,3852.08573272946
Ethiopia,ETH,"Population, total",SP.POP.TOTL,125384287
Ethiopia,ETH,"Life expectancy at birth, total (years)",SP.DYN.LE00.IN,65.645
Ethiopia,ETH,GDP per capita (current US$),NY.GDP.PCAP.CD,1011.0732858233
Faroe Islands,FRO,"Population, total",SP.POP.TOTL,53952
Faroe Islands,FRO,"Life expectancy at birth, total (years)",SP.DYN.LE00.IN,83.3
Faroe Islands,FRO,GDP per capita (current US$),NY.GDP.PCAP.CD,66108.733645837
Fiji,FJI,"Population, total",SP.POP.TOTL,919422
Fiji,FJI,"Life expectancy at birth, total (years)",SP.DYN.LE00.IN,68.312
Fiji,FJI,GDP per capita (current US$),NY.GDP.PCAP.CD,5405.03007408295
Finland,FIN,"Population, total",SP.POP.TOTL,5556106
Finland,FIN,"Life expectancy at birth, total (years)",SP.DYN.LE00.IN,81.1878048780488
Finland,FIN,GDP per capita (current US$),NY.GDP.PCAP.CD,50438.4753952355
France,FRA,"Population, total",SP.POP.TOTL,68065015
France,FRA,"Life expectancy at birth, total (years)",SP.DYN.LE00.IN,82.2292682926829
France,FRA,GDP per capita (current US$),NY.GDP.PCAP.CD,41082.8119320747
French Polynesia,PYF,"Population, total",SP.POP.TOTL,280378
French Polynesia,PYF,"Life expectancy at birth, total (years)",SP.DYN.LE00.IN,83.55
French Polynesia,PYF,GDP per capita (current US$),NY.GDP.PCAP.CD,20738.6499971661
Gabon,GAB,"Population, total",SP.POP.TOTL,2430747
Gabon,GAB,"Life expectancy at birth, total (years)",SP.DYN.LE00.IN,65.694
Gabon,GAB,GDP per capita (current US$),NY.GDP.PCAP.CD,8409.2074145028
"Gambia, The",GMB,"Population, total",SP.POP.TOTL,2636470
"Gambia, The",GMB,"Life expectancy at birth, total (years)",SP.DYN.LE00.IN,62.906
"Gambia, The",GMB,GDP per capita (current US$),NY.GDP.PCAP.CD,836.244875868476
Georgia,GEO,"Population, total",SP.POP.TOTL,3712502
Georgia,GEO,"Life expectancy at birth, total (years)",SP.DYN.LE00.IN,71.587
Georgia,GEO,GDP per capita (current US$),NY.GDP.PCAP.CD,6729.84659930283
Germany,DEU,"Population, total",SP.POP.TOTL,83797985
Germany,DEU,"Life expectancy at birth, total (years)",SP.DYN.LE00.IN,80.7056097560976
Germany,DEU,GDP per capita (current US$),NY.GDP.PCAP.CD,49686.1154582583
Ghana,GHA,"Population, total",SP.POP.TOTL,33149152
Ghana,GHA,"Life expectancy at birth, total (years)",SP.DYN.LE00.IN,63.945
Ghana,GHA,GDP per capita (current US$),NY.GDP.PCAP.CD,2240.27945094566
Gibraltar,GIB,"Population, total",SP.POP.TOTL,37609
Gibraltar,GIB,"Life expectancy at birth, total (years)",SP.DYN.LE00.IN,82.83
Gibraltar,GIB,GDP per capita (current US$),NY.GDP.PCAP.CD,..
Greece,GRC,"Population, total",SP.POP.TOTL,10436882
Greece,GRC,"Life expectancy at birth, total (years)",SP.DYN.LE00.IN,80.6365853658537
Greece,GRC,GDP per capita (current US$),NY.GDP.PCAP.CD,20971.8349258283
Greenland,GRL,"Population, total",SP.POP.TOTL,56661
Greenland,GRL,"Life expectancy at birth, total (years)",SP.DYN.LE00.IN,71.5404878048781
Greenland,GRL,GDP per capita (current US$),NY.GDP.PCAP.CD,..
Grenada,GRD,"Population, total",SP.POP.TOTL,116913
Grenada,GRD,"Life expectancy at birth, total (years)",SP.DYN.LE00.IN,75.335
Grenada,GRD,GDP per capita (current US$),NY.GDP.PCAP.CD,10474.2652893842
Guam,GUM,"Population, total",SP.POP.TOTL,165180
Guam,GUM,"Life expectancy at birth, total (years)",SP.DYN.LE00.IN,78.33
Guam,GUM,GDP per capita (current US$),NY.GDP.PCAP.CD,41833.1517132825
Guatemala,GTM,"Population, total",SP.POP.TOTL,17847877
Guatemala,GTM,"Life expectancy at birth, total (years)",SP.DYN.LE00.IN,68.674
Guatemala,GTM,GDP per capita (current US$),NY.GDP.PCAP.CD,5358.08963795
Guinea,GIN,"Population, total",SP.POP.TOTL,14055137
Guinea,GIN,"Life expectancy at birth, total (years)",SP.DYN.LE00.IN,58.985
Guinea,GIN,GDP per capita (current US$),NY.GDP.PCAP.CD,1416.59612011764
Guinea-Bissau,GNB,"Population, total",SP.POP.TOTL,2105529
Guinea-Bissau,GNB,"Life expectancy at birth, total (years)",SP.DYN.LE00.IN,59.861
Guinea-Bissau,GNB,GDP per capita (current US$),NY.GDP.PCAP.CD,853.281304044102
Guyana,GUY,"Population, total",SP.POP.TOTL,821637
Guyana,GUY,"Life expectancy at birth, total (years)",SP.DYN.LE00.IN,65.989
Guyana,GUY,GDP per capita (current US$),NY.GDP.PCAP.CD,17913.4910146288
Haiti,HTI,"Population, total",SP.POP.TOTL,11503606
Haiti,HTI,"Life expectancy at birth, total (years)",SP.DYN.LE00.IN,63.728
Haiti,HTI,GDP per capita (current US$),NY.GDP.PCAP.CD,1760.62635668777
Honduras,HND,"Population, total",SP.POP.TOTL,10463872
Honduras,HND,"Life expectancy at birth, total (years)",SP.DYN.LE00.IN,70.728
Honduras,HND,GDP per capita (current US$),NY.GDP.PCAP.CD,3003.28996826399
"Hong Kong SAR, China",HKG,"Population, total",SP.POP.TOTL,7346100
"Hong Kong SAR, China",HKG,"Life expectancy at birth, total (years)",SP.DYN.LE00.IN,83.6609756097561
"Hong Kong SAR, China",HKG,GDP per capita (current US$),NY.GDP.PCAP.CD,48826.0527728276
Hungary,HUN,"Population, total",SP.POP.TOTL,9644377
Hungary,HUN,"Life expectancy at birth, total (years)",SP.DYN.LE00.IN,76.0170731707317
Hungary,HUN,GDP per capita (current US$),NY.GDP.PCAP.CD,18353.298364905
Iceland,ISL,"Population, total",SP.POP.TOTL,382003
Iceland,ISL,"Life expectancy at birth, total (years)",SP.DYN.LE00.IN,82.1707317073171
Iceland,ISL,GDP per capita (current US$),NY.GDP.PCAP.CD,75314.085560994
India,IND,"Population, total",SP.POP.TOTL,1425423212
India,IND,"Life expectancy at birth, total (years)",SP.DYN.LE00.IN,67.744
India,IND,GDP per capita (current US$),NY.GDP.PCAP.CD,2352.61392452078
Indonesia,IDN,"Population, total",SP.POP.TOTL,278830529
Indonesia,IDN,"Life expectancy at birth, total (years)",SP.DYN.LE00.IN,68.25
Indonesia,IDN,GDP per capita (current US$),NY.GDP.PCAP.CD,4730.74548910499
"Iran, Islamic Rep.",IRN,"Population, total",SP.POP.TOTL,89524246
"Iran, Islamic Rep.",IRN,"Life expectancy at birth, total (years)",SP.DYN.LE00.IN,74.556
"Iran, Islamic Rep.",IRN,GDP per capita (current US$),NY.GDP.PCAP.CD,4405.09291519791
Iraq,IRQ,"Population, total",SP.POP.TOTL,44070551
Iraq,IRQ,"Life expectancy at birth, total (years)",SP.DYN.LE00.IN,71.336
Iraq,IRQ,GDP per capita (current US$),NY.GDP.PCAP.CD,6504.12428393548
Ireland,IRL,"Population, total",SP.POP.TOTL,5165700
Ireland,IRL,"Life expectancy at birth, total (years)",SP.DYN.LE00.IN,83.0560975609756
Ireland,IRL,GDP per capita (current US$),NY.GDP.PCAP.CD,106194.755859223
Isle of Man,IMN,"Population, total",SP.POP.TOTL,84132
Isle of Man,IMN,"Life expectancy at birth, total (years)",SP.DYN.LE00.IN,80.762
Isle of Man,IMN,GDP per capita (current US$),NY.GDP.PCAP.CD,..
Israel,ISR,"Population, total",SP.POP.TOTL,9557500
Israel,ISR,"Life expectancy at birth, total (years)",SP.DYN.LE00.IN,82.7
Israel,ISR,GDP per capita (current US$),NY.GDP.PCAP.CD,54930.7261602593
Italy,ITA,"Population, total",SP.POP.TOTL,59013667
Italy,ITA,"Life expectancy at birth, total (years)",SP.DYN.LE00.IN,82.9
Italy,ITA,GDP per capita (current US$),NY.GDP.PCAP.CD,35635.7442204098
Jamaica,JAM,"Population, total",SP.POP.TOTL,2839144
Jamaica,JAM,"Life expectancy at birth, total (years)",SP.DYN.LE00.IN,70.629
Jamaica,JAM,GDP per capita (current US$),NY.GDP.PCAP.CD,6022.15341099999
Japan,JPN,"Population, total",SP.POP.TOTL,125124989
Japan,JPN,"Life expectancy at birth, total (years)",SP.DYN.LE00.IN,83.9963414634146
Japan,JPN,GDP per capita (current US$),NY.GDP.PCAP.CD,34017.2718075024
Jordan,JOR,"Population, total",SP.POP.TOTL,11256263
Jordan,JOR,"Life expectancy at birth, total (years)",SP.DYN.LE00.IN,74.215
Jordan,JOR,GDP per capita (current US$),NY.GDP.PCAP.CD,4332.25159897931
Kazakhstan,KAZ,"Population, total",SP.POP.TOTL,20034609
Kazakhstan,KAZ,"Life expectancy at birth, total (years)",SP.DYN.LE00.IN,74.44
Kazakhstan,KAZ,GDP per capita (current US$),NY.GDP.PCAP.CD,11255.3396437881
Kenya,KEN,"Population, total",SP.POP.TOTL,54252461
Kenya,KEN,"Life expectancy at birth, total (years)",SP.DYN.LE00.IN,62.055
Kenya,KEN,GDP per capita (current US$),NY.GDP.PCAP.CD,2109.56288513137
Kiribati,KIR,"Population, total",SP.POP.TOTL,130469
Kiribati,KIR,"Life expectancy at birth, total (years)",SP.DYN.LE00.IN,67.661
Kiribati,KIR,GDP per capita (current US$),NY.GDP.PCAP.CD,2075.90844085067
"Korea, Dem. People's Rep.",PRK,"Population, total",SP.POP.TOTL,26328845
"Korea, Dem. People's Rep.",PRK,"Life expectancy at birth, total (years)",SP.DYN.LE00.IN,73.578
"Korea, Dem. People's Rep.",PRK,GDP per capita (current US$),NY.GDP.PCAP.CD,..
"Korea, Rep.",KOR,"Population, total",SP.POP.TOTL,51672569
"Korea, Rep.",KOR,"Life expectancy at birth, total (years)",SP.DYN.LE00.IN,82.6804878048781
"Korea, Rep.",KOR,GDP per capita (current US$),NY.GDP.PCAP.CD,32394.6833725203
Kosovo,XKX,"Population, total",SP.POP.TOTL,1768096
Kosovo,XKX,"Life expectancy at birth, total (years)",SP.DYN.LE00.IN,79.524
Kosovo,XKX,GDP per capita (current US$),NY.GDP.PCAP.CD,5290.94747224687
Kuwait,KWT,"Population, total",SP.POP.TOTL,4589643
Kuwait,KWT,"Life expectancy at birth, total (years)",SP.DYN.LE00.IN,80.264
Kuwait,KWT,GDP per capita (current US$),NY.GDP.PCAP.CD,40077.238047746
Kyrgyz Republic,KGZ,"Population, total",SP.POP.TOTL,6975219.5
Kyrgyz Republic,KGZ,"Life expectancy at birth, total (years)",SP.DYN.LE00.IN,72.0487804878049
Kyrgyz Republic,KGZ,GDP per capita (current US$),NY.GDP.PCAP.CD,1739.72030814894
Lao PDR,LAO,"Population, total",SP.POP.TOTL,7559007
Lao PDR,LAO,"Life expectancy at birth, total (years)",SP.DYN.LE00.IN,68.999
Lao PDR,LAO,GDP per capita (current US$),NY.GDP.PCAP.CD,2046.40440255621
Latvia,LVA,"Population, total",SP.POP.TOTL,1879383
Latvia,LVA,"Life expectancy at birth, total (years)",SP.DYN.LE00.IN,74.580487804878
Latvia,LVA,GDP per capita (current US$),NY.GDP.PCAP.CD,20229.4613617326
Lebanon,LBN,"Population, total",SP.POP.TOTL,5744489
Lebanon,LBN,"Life expectancy at birth, total (years)",SP.DYN.LE00.IN,74.416
Lebanon,LBN,GDP per capita (current US$),NY.GDP.PCAP.CD,3654.35845534878
Lesotho,LSO,"Population, total",SP.POP.TOTL,2286110
Lesotho,LSO,"Life expectancy at birth, total (years)",SP.DYN.LE00.IN,53.036
Lesotho,LSO,GDP per capita (current US$),NY.GDP.PCAP.CD,1029.99553333827
Liberia,LBR,"Population, total",SP.POP.TOTL,5373294
Liberia,LBR,"Life expectancy at birth, total (years)",SP.DYN.LE00.IN,61.1
Liberia,LBR,GDP per capita (current US$),NY.GDP.PCAP.CD,744.617175237387
Libya,LBY,"Population, total",SP.POP.TOTL,7223805
Libya,LBY,"Life expectancy at birth, total (years)",SP.DYN.LE00.IN,72.151
Libya,LBY,GDP per capita (current US$),NY.GDP.PCAP.CD,5986.63694851258
Liechtenstein,LIE,"Population, total",SP.POP.TOTL,39493
Liechtenstein,LIE,"Life expectancy at birth, total (years)",SP.DYN.LE00.IN,84.319512195122
Liechtenstein,LIE,GDP per capita (current US$),NY.GDP.PCAP.CD,186400.23376784
Lithuania,LTU,"Population, total",SP.POP.TOTL,2831639
Lithuania,LTU,"Life expectancy at birth, total (years)",SP.DYN.LE00.IN,75.7926829268293
Lithuania,LTU,GDP per capita (current US$),NY.GDP.PCAP.CD,25085.784063499
Luxembourg,LUX,"Population, total",SP.POP.TOTL,653103
Luxembourg,LUX,"Life expectancy at birth, total (years)",SP.DYN.LE00.IN,83.0463414634146
Luxembourg,LUX,GDP per capita (current US$),NY.GDP.PCAP.CD,125006.021815486
"Macao SAR, China",MAC,"Population, total",SP.POP.TOTL,677300
"Macao SAR, China",MAC,"Life expectancy at birth, total (years)",SP.DYN.LE00.IN,85.377
"Macao SAR, China",MAC,GDP per capita (current US$),NY.GDP.PCAP.CD,36909.9564090312
Madagascar,MDG,"Population, total",SP.POP.TOTL,30437261
Madagascar,MDG,"Life expectancy at birth, total (years)",SP.DYN.LE00.IN,65.23
Madagascar,MDG,GDP per capita (current US$),NY.GDP.PCAP.CD,497.242514792961
Malawi,MWI,"Population, total",SP.POP.TOTL,20568728
Malawi,MWI,"Life expectancy at birth, total (years)",SP.DYN.LE00.IN,62.898
Malawi,MWI,GDP per capita (current US$),NY.GDP.PCAP.CD,604.269751184515
Malaysia,MYS,"Population, total",SP.POP.TOTL,34695493
Malaysia,MYS,"Life expectancy at birth, total (years)",SP.DYN.LE00.IN,76.26
Malaysia,MYS,GDP per capita (current US$),NY.GDP.PCAP.CD,11748.0919307944
Maldives,MDV,"Population, total",SP.POP.TOTL,524106
Maldives,MDV,"Life expectancy at birth, total (years)",SP.DYN.LE00.IN,80.839
Maldives,MDV,GDP per capita (current US$),NY.GDP.PCAP.CD,11786.0091545343
Mali,MLI,"Population, total",SP.POP.TOTL,23072640
Mali,MLI,"Life expectancy at birth, total (years)",SP.DYN.LE00.IN,59.417
Mali,MLI,GDP per capita (current US$),NY.GDP.PCAP.CD,813.965034073188
Malta,MLT,"Population, total",SP.POP.TOTL,531511
Malta,MLT,"Life expectancy at birth, total (years)",SP.DYN.LE00.IN,82.7
Malta,MLT,GDP per capita (current US$),NY.GDP.PCAP.CD,36142.2058531852
Marshall Islands,MHL,"Population, total",SP.POP.TOTL,40077
Marshall Islands,MHL,"Life expectancy at birth, total (years)",SP.DYN.LE00.IN,65.146
Marshall Islands,MHL,GDP per capita (current US$),NY.GDP.PCAP.CD,6322.82855503156
Mauritania,MRT,"Population, total",SP.POP.TOTL,4875637
Mauritania,MRT,"Life expectancy at birth, total (years)",SP.DYN.LE00.IN,64.691
Mauritania,MRT,GDP per capita (current US$),NY.GDP.PCAP.CD,1960.35240077424
Mauritius,MUS,"Population, total",SP.POP.TOTL,1262523
Mauritius,MUS,"Life expectancy at birth, total (years)",SP.DYN.LE00.IN,73.5146341463415
Mauritius,MUS,GDP per capita (current US$),NY.GDP.PCAP.CD,10239.7970461095
Mexico,MEX,"Population, total",SP.POP.TOTL,128613117
Mexico,MEX,"Life expectancy at birth, total (years)",SP.DYN.LE00.IN,74.832
Mexico,MEX,GDP per capita (current US$),NY.GDP.PCAP.CD,11385.4070757929
"Micronesia, Fed. Sts.",FSM,"Population, total",SP.POP.TOTL,112114
"Micronesia, Fed. Sts.",FSM,"Life expectancy at birth, total (years)",SP.DYN.LE00.IN,70.925
"Micronesia, Fed. Sts.",FSM,GDP per capita (current US$),NY.GDP.PCAP.CD,3835.38184348074
Moldova,MDA,"Population, total",SP.POP.TOTL,2528654
Moldova,MDA,"Life expectancy at birth, total (years)",SP.DYN.LE00.IN,68.621
Moldova,MDA,GDP per capita (current US$),NY.GDP.PCAP.CD,5738.42473515618
Monaco,MCO,"Population, total",SP.POP.TOTL,38931
Monaco,MCO,"Life expectancy at birth, total (years)",SP.DYN.LE00.IN,..
Monaco,MCO,GDP per capita (current US$),NY.GDP.PCAP.CD,226052.001905201
Mongolia,MNG,"Population, total",SP.POP.TOTL,3433748
Mongolia,MNG,"Life expectancy at birth, total (years)",SP.DYN.LE00.IN,72.667
Mongolia,MNG,GDP per capita (current US$),NY.GDP.PCAP.CD,4993.51487463495
Montenegro,MNE,"Population, total",SP.POP.TOTL,617213
Montenegro,MNE,"Life expectancy at birth, total (years)",SP.DYN.LE00.IN,76.1878048780488
Montenegro,MNE,GDP per capita (current US$),NY.GDP.PCAP.CD,10093.4387007266
Morocco,MAR,"Population, total",SP.POP.TOTL,37329064
Morocco,MAR,"Life expectancy at birth, total (years)",SP.DYN.LE00.IN,74.973
Morocco,MAR,GDP per capita (current US$),NY.GDP.PCAP.CD,3455.39624023438
Mozambique,MOZ,"Population, total",SP.POP.TOTL,32656246
Mozambique,MOZ,"Life expectancy at birth, total (years)",SP.DYN.LE00.IN,59.625
Mozambique,MOZ,GDP per capita (current US$),NY.GDP.PCAP.CD,578.251663751351
Myanmar,MMR,"Population, total",SP.POP.TOTL,53756787
Myanmar,MMR,"Life expectancy at birth, total (years)",SP.DYN.LE00.IN,67.256
Myanmar,MMR,GDP per capita (current US$),NY.GDP.PCAP.CD,1158.05005034332
Namibia,NAM,"Population, total",SP.POP.TOTL,2889662
Namibia,NAM,"Life expectancy at birth, total (years)",SP.DYN.LE00.IN,58.059
Namibia,NAM,GDP per capita (current US$),NY.GDP.PCAP.CD,4349.04532248966
Nauru,NRU,"Population, total",SP.POP.TOTL,11801
Nauru,NRU,"Life expectancy at birth, total (years)",SP.DYN.LE00.IN,64.014
Nauru,NRU,GDP per capita (current US$),NY.GDP.PCAP.CD,13287.2711890938
Nepal,NPL,"Population, total",SP.POP.TOTL,29715436
Nepal,NPL,"Life expectancy at birth, total (years)",SP.DYN.LE00.IN,70.484
Nepal,NPL,GDP per capita (current US$),NY.GDP.PCAP.CD,1385.91066275016
Netherlands,NLD,"Population, total",SP.POP.TOTL,17700982
Netherlands,NLD,"Life expectancy at birth, total (years)",SP.DYN.LE00.IN,81.7146341463415
Netherlands,NLD,GDP per capita (current US$),NY.GDP.PCAP.CD,59123.318556487
New Caledonia,NCL,"Population, total",SP.POP.TOTL,287123
New Caledonia,NCL,"Life expectancy at birth, total (years)",SP.DYN.LE00.IN,80.9820731707317
New Caledonia,NCL,GDP per capita (current US$),NY.GDP.PCAP.CD,33516.363085906
New Zealand,NZL,"Population, total",SP.POP.TOTL,5117200
New Zealand,NZL,"Life expectancy at birth, total (years)",SP.DYN.LE00.IN,82.7609756097561
New Zealand,NZL,GDP per capita (current US$),NY.GDP.PCAP.CD,48216.5095836302
Nicaragua,NIC,"Population, total",SP.POP.TOTL,6730654
Nicaragua,NIC,"Life expectancy at birth, total (years)",SP.DYN.LE00.IN,74.615
Nicaragua,NIC,GDP per capita (current US$),NY.GDP.PCAP.CD,2325.16737851871
Niger,NER,"Population, total",SP.POP.TOTL,25311973
Niger,NER,"Life expectancy at birth, total (years)",SP.DYN.LE00.IN,62.08
Niger,NER,GDP per capita (current US$),NY.GDP.PCAP.CD,609.745147574878
Nigeria,NGA,"Population, total",SP.POP.TOTL,223150896
Nigeria,NGA,"Life expectancy at birth, total (years)",SP.DYN.LE00.IN,53.633
Nigeria,NGA,GDP per capita (current US$),NY.GDP.PCAP.CD,2139.37478476974
North Macedonia,MKD,"Population, total",SP.POP.TOTL,1831712
North Macedonia,MKD,"Life expectancy at birth, total (years)",SP.DYN.LE00.IN,74.4248780487805
North Macedonia,MKD,GDP per capita (current US$),NY.GDP.PCAP.CD,7606.2375253797
Northern Mariana Islands,MNP,"Population, total",SP.POP.TOTL,46078
Northern Mariana Islands,MNP,"Life expectancy at birth, total (years)",SP.DYN.LE00.IN,..
Northern Mariana Islands,MNP,GDP per capita (current US$),NY.GDP.PCAP.CD,23785.754590043
Norway,NOR,"Population, total",SP.POP.TOTL,5457127
Norway,NOR,"Life expectancy at birth, total (years)",SP.DYN.LE00.IN,82.5609756097561
Norway,NOR,GDP per capita (current US$),NY.GDP.PCAP.CD,108798.451165901
Oman,OMN,"Population, total",SP.POP.TOTL,4730226
Oman,OMN,"Life expectancy at birth, total (years)",SP.DYN.LE00.IN,73.935
Oman,OMN,GDP per capita (current US$),NY.GDP.PCAP.CD,23665.6394740852
Pakistan,PAK,"Population, total",SP.POP.TOTL,243700667
Pakistan,PAK,"Life expectancy at birth, total (years)",SP.DYN.LE00.IN,66.431
Pakistan,PAK,GDP per capita (current US$),NY.GDP.PCAP.CD,1538.3228133171
Palau,PLW,"Population, total",SP.POP.TOTL,17759
Palau,PLW,"Life expectancy at birth, total (years)",SP.DYN.LE00.IN,..
Palau,PLW,GDP per capita (current US$),NY.GDP.PCAP.CD,14392.1990258461
Panama,PAN,"Population, total",SP.POP.TOTL,4400773
Panama,PAN,"Life expectancy at birth, total (years)",SP.DYN.LE00.IN,76.826
Panama,PAN,GDP per capita (current US$),NY.GDP.PCAP.CD,17332.4360742988
Papua New Guinea,PNG,"Population, total",SP.POP.TOTL,10203169
Papua New Guinea,PNG,"Life expectancy at birth, total (years)",SP.DYN.LE00.IN,65.958
Papua New Guinea,PNG,GDP per capita (current US$),NY.GDP.PCAP.CD,3101.71063200047
Paraguay,PRY,"Population, total",SP.POP.TOTL,6760464
Paraguay,PRY,"Life expectancy at birth, total (years)",SP.DYN.LE00.IN,70.475
Paraguay,PRY,GDP per capita (current US$),NY.GDP.PCAP.CD,6205.62595379319
Peru,PER,"Population, total",SP.POP.TOTL,33475438
Peru,PER,"Life expectancy at birth, total (years)",SP.DYN.LE00.IN,73.385
Peru,PER,GDP per capita (current US$),NY.GDP.PCAP.CD,7363.27206939639
Philippines,PHL,"Population, total",SP.POP.TOTL,113964338
Philippines,PHL,"Life expectancy at birth, total (years)",SP.DYN.LE00.IN,72.187
Philippines,PHL,GDP per capita (current US$),NY.GDP.PCAP.CD,3548.06930572116
Poland,POL,"Population, total",SP.POP.TOTL,36821749
Poland,POL,"Life expectancy at birth, total (years)",SP.DYN.LE00.IN,77.3048780487805
Poland,POL,GDP per capita (current US$),NY.GDP.PCAP.CD,18891.2121169279
Portugal,PRT,"Population, total",SP.POP.TOTL,10434332
Portugal,PRT,"Life expectancy at birth, total (years)",SP.DYN.LE00.IN,81.5804878048781
Portugal,PRT,GDP per capita (current US$),NY.GDP.PCAP.CD,24620.519556875
Puerto Rico,PRI,"Population, total",SP.POP.TOTL,3220113
Puerto Rico,PRI,"Life expectancy at birth, total (years)",SP.DYN.LE00.IN,79.72
Puerto Rico,PRI,GDP per capita (current US$),NY.GDP.PCAP.CD,35268.0791015719
Qatar,QAT,"Population, total",SP.POP.TOTL,2657333
Qatar,QAT,"Life expectancy at birth, total (years)",SP.DYN.LE00.IN,81.559
Qatar,QAT,GDP per capita (current US$),NY.GDP.PCAP.CD,88701.463350036
Romania,ROU,"Population, total",SP.POP.TOTL,19048502
Romania,ROU,"Life expectancy at birth, total (years)",SP.DYN.LE00.IN,75.3048780487805
Romania,ROU,GDP per capita (current US$),NY.GDP.PCAP.CD,15557.8826247584
Russian Federation,RUS,"Population, total",SP.POP.TOTL,144236933
Russian Federation,RUS,"Life expectancy at birth, total (years)",SP.DYN.LE00.IN,72.5456097560976
Russian Federation,RUS,GDP per capita (current US$),NY.GDP.PCAP.CD,15445.2421875
Rwanda,RWA,"Population, total",SP.POP.TOTL,13651030
Rwanda,RWA,"Life expectancy at birth, total (years)",SP.DYN.LE00.IN,67.129
Rwanda,RWA,GDP per capita (current US$),NY.GDP.PCAP.CD,975.469315871749
Samoa,WSM,"Population, total",SP.POP.TOTL,215261
Samoa,WSM,"Life expectancy at birth, total (years)",SP.DYN.LE00.IN,72.598
Samoa,WSM,GDP per capita (current US$),NY.GDP.PCAP.CD,3869.46639492144
San Marino,SMR,"Population, total",SP.POP.TOTL,33755
San Marino,SMR,"Life expectancy at birth, total (years)",SP.DYN.LE00.IN,..
San Marino,SMR,GDP per capita (current US$),NY.GDP.PCAP.CD,54264.570495898
Sao Tome and Principe,STP,"Population, total",SP.POP.TOTL,226305
Sao Tome and Principe,STP,"Life expectancy at birth, total (years)",SP.DYN.LE00.IN,68.794
Sao Tome and Principe,STP,GDP per capita (current US$),NY.GDP.PCAP.CD,2389.73729784737
Saudi Arabia,SAU,"Population, total",SP.POP.TOTL,32175224
Saudi Arabia,SAU,"Life expectancy at birth, total (years)",SP.DYN.LE00.IN,77.905
Saudi Arabia,SAU,GDP per capita (current US$),NY.GDP.PCAP.CD,34454.1957708412
Senegal,SEN,"Population, total",SP.POP.TOTL,17651103
Senegal,SEN,"Life expectancy at birth, total (years)",SP.DYN.LE00.IN,67.913
Senegal,SEN,GDP per capita (current US$),NY.GDP.PCAP.CD,1564.74522071584
Serbia,SRB,"Population, total",SP.POP.TOTL,6664449
Serbia,SRB,"Life expectancy at birth, total (years)",SP.DYN.LE00.IN,75.4821951219512
Serbia,SRB,GDP per capita (current US$),NY.GDP.PCAP.CD,10022.9688543402
Seychelles,SYC,"Population, total",SP.POP.TOTL,119878
Seychelles,SYC,"Life expectancy at birth, total (years)",SP.DYN.LE00.IN,73.8487804878049
Seychelles,SYC,GDP per capita (current US$),NY.GDP.PCAP.CD,17167.1909760833
Sierra Leone,SLE,"Population, total",SP.POP.TOTL,8276807
Sierra Leone,SLE,"Life expectancy at birth, total (years)",SP.DYN.LE00.IN,60.411
Sierra Leone,SLE,GDP per capita (current US$),NY.GDP.PCAP.CD,860.130884035452
Singapore,SGP,"Population, total",SP.POP.TOTL,5637022
Singapore,SGP,"Life expectancy at birth, total (years)",SP.DYN.LE00.IN,82.8951219512195
Singapore,SGP,GDP per capita (current US$),NY.GDP.PCAP.CD,88428.7024226232
Sint Maarten (Dutch part),SXM,"Population, total",SP.POP.TOTL,42139
Sint Maarten (Dutch part),SXM,"Life expectancy at birth, total (years)",SP.DYN.LE00.IN,74.409
Sint Maarten (Dutch part),SXM,GDP per capita (current US$),NY.GDP.PCAP.CD,36476.6300833859
Slovak Republic,SVK,"Population, total",SP.POP.TOTL,5431752
Slovak Republic,SVK,"Life expectancy at birth, total (years)",SP.DYN.LE00.IN,77.0658536585366
Slovak Republic,SVK,GDP per capita (current US$),NY.GDP.PCAP.CD,21342.7666714692
Slovenia,SVN,"Population, total",SP.POP.TOTL,2112076
Slovenia,SVN,"Life expectancy at birth, total (years)",SP.DYN.LE00.IN,81.2829268292683
Slovenia,SVN,GDP per capita (current US$),NY.GDP.PCAP.CD,28373.8382265999
Solomon Islands,SLB,"Population, total",SP.POP.TOTL,781066
Solomon Islands,SLB,"Life expectancy at birth, total (years)",SP.DYN.LE00.IN,70.742
Solomon Islands,SLB,GDP per capita (current US$),NY.GDP.PCAP.CD,2005.4139933198
Somalia,SOM,"Population, total",SP.POP.TOTL,17801897
Somalia,SOM,"Life expectancy at birth, total (years)",SP.DYN.LE00.IN,56.107
Somalia,SOM,GDP per capita (current US$),NY.GDP.PCAP.CD,573.128092470162
South Africa,ZAF,"Population, total",SP.POP.TOTL,62378410
South Africa,ZAF,"Life expectancy at birth, total (years)",SP.DYN.LE00.IN,61.48
South Africa,ZAF,GDP per capita (current US$),NY.GDP.PCAP.CD,6523.41097815853
South Sudan,SSD,"Population, total",SP.POP.TOTL,11021177
South Sudan,SSD,"Life expectancy at birth, total (years)",SP.DYN.LE00.IN,55.567
South Sudan,SSD,GDP per capita (current US$),NY.GDP.PCAP.CD,..
Spain,ESP,"Population, total",SP.POP.TOTL,47759127
Spain,ESP,"Life expectancy at birth, total (years)",SP.DYN.LE00.IN,83.0829268292683
Spain,ESP,GDP per capita (current US$),NY.GDP.PCAP.CD,30287.3657583614
Sri Lanka,LKA,"Population, total",SP.POP.TOTL,22181000
Sri Lanka,LKA,"Life expectancy at birth, total (years)",SP.DYN.LE00.IN,76.61
Sri Lanka,LKA,GDP per capita (current US$),NY.GDP.PCAP.CD,3342.71989646203
St. Kitts and Nevis,KNA,"Population, total",SP.POP.TOTL,46709
St. Kitts and Nevis,KNA,"Life expectancy at birth, total (years)",SP.DYN.LE00.IN,72.027
St. Kitts and Nevis,KNA,GDP per capita (current US$),NY.GDP.PCAP.CD,21011.5744209816
St. Lucia,LCA,"Population, total",SP.POP.TOTL,178781
St. Lucia,LCA,"Life expectancy at birth, total (years)",SP.DYN.LE00.IN,71.294
St. Lucia,LCA,GDP per capita (current US$),NY.GDP.PCAP.CD,13103.7621654634
St. Martin (French part),MAF,"Population, total",SP.POP.TOTL,28870
St. Martin (French part),MAF,"Life expectancy at birth, total (years)",SP.DYN.LE00.IN,80.55
St. Martin (French part),MAF,GDP per capita (current US$),NY.GDP.PCAP.CD,..
St. Vincent and the Grenadines,VCT,"Population, total",SP.POP.TOTL,102046
St. Vincent and the Grenadines,VCT,"Life expectancy at birth, total (years)",SP.DYN.LE00.IN,68.972
St. Vincent and the Grenadines,VCT,GDP per capita (current US$),NY.GDP.PCAP.CD,9471.14627317673
Sudan,SDN,"Population, total",SP.POP.TOTL,49383346
Sudan,SDN,"Life expectancy at birth, total (years)",SP.DYN.LE00.IN,65.578
Sudan,SDN,GDP per capita (current US$),NY.GDP.PCAP.CD,1046.24084472656
Suriname,SUR,"Population, total",SP.POP.TOTL,623164
Suriname,SUR,"Life expectancy at birth, total (years)",SP.DYN.LE00.IN,70.289
Suriname,SUR,GDP per capita (current US$),NY.GDP.PCAP.CD,6084.43876736445
Sweden,SWE,"Population, total",SP.POP.TOTL,10486941
Sweden,SWE,"Life expectancy at birth, total (years)",SP.DYN.LE00.IN,83.109756097561
Sweden,SWE,GDP per capita (current US$),NY.GDP.PCAP.CD,55296.9371472535
Switzerland,CHE,"Population, total",SP.POP.TOTL,8777088
Switzerland,CHE,"Life expectancy at birth, total (years)",SP.DYN.LE00.IN,83.4536585365854
Switzerland,CHE,GDP per capita (current US$),NY.GDP.PCAP.CD,93245.7952120851
Syrian Arab Republic,SYR,"Population, total",SP.POP.TOTL,22462173
Syrian Arab Republic,SYR,"Life expectancy at birth, total (years)",SP.DYN.LE00.IN,72.3
Syrian Arab Republic,SYR,GDP per capita (current US$),NY.GDP.PCAP.CD,1051.67149587463
Tajikistan,TJK,"Population, total",SP.POP.TOTL,10182222
Tajikistan,TJK,"Life expectancy at birth, total (years)",SP.DYN.LE00.IN,71.288
Tajikistan,TJK,GDP per capita (current US$),NY.GDP.PCAP.CD,1052.17949484894
Tanzania,TZA,"Population, total",SP.POP.TOTL,64711821
Tanzania,TZA,"Life expectancy at birth, total (years)",SP.DYN.LE00.IN,66.782
Tanzania,TZA,GDP per capita (current US$),NY.GDP.PCAP.CD,1207.85302734375
Thailand,THA,"Population, total",SP.POP.TOTL,71735329
Thailand,THA,"Life expectancy at birth, total (years)",SP.DYN.LE00.IN,79.68
Thailand,THA,GDP per capita (current US$),NY.GDP.PCAP.CD,6909.35997481451
Timor-Leste,TLS,"Population, total",SP.POP.TOTL,1369295
Timor-Leste,TLS,"Life expectancy at birth, total (years)",SP.DYN.LE00.IN,69.056
Timor-Leste,TLS,GDP per capita (current US$),NY.GDP.PCAP.CD,2343.24524664152
Togo,TGO,"Population, total",SP.POP.TOTL,9089738
Togo,TGO,"Life expectancy at birth, total (years)",SP.DYN.LE00.IN,61.588
Togo,TGO,GDP per capita (current US$),NY.GDP.PCAP.CD,898.758154410712
Tonga,TON,"Population, total",SP.POP.TOTL,105042
Tonga,TON,"Life expectancy at birth, total (years)",SP.DYN.LE00.IN,71.27
Tonga,TON,GDP per capita (current US$),NY.GDP.PCAP.CD,4933.07479143113
Trinidad and Tobago,TTO,"Population, total",SP.POP.TOTL,1365805
Trinidad and Tobago,TTO,"Life expectancy at birth, total (years)",SP.DYN.LE00.IN,74.708
Trinidad and Tobago,TTO,GDP per capita (current US$),NY.GDP.PCAP.CD,22004.1997884125
Tunisia,TUN,"Population, total",SP.POP.TOTL,12119334
Tunisia,TUN,"Life expectancy at birth, total (years)",SP.DYN.LE00.IN,74.263
Tunisia,TUN,GDP per capita (current US$),NY.GDP.PCAP.CD,3678.40023411347
Turkiye,TUR,"Population, total",SP.POP.TOTL,84979913
Turkiye,TUR,"Life expectancy at birth, total (years)",SP.DYN.LE00.IN,78.475
Turkiye,TUR,GDP per capita (current US$),NY.GDP.PCAP.CD,10674.504157865
Turkmenistan,TKM,"Population, total",SP.POP.TOTL,7230193
Turkmenistan,TKM,"Life expectancy at birth, total (years)",SP.DYN.LE00.IN,69.41
Turkmenistan,TKM,GDP per capita (current US$),NY.GDP.PCAP.CD,8156.35211950774
Turks and Caicos Islands,TCA,"Population, total",SP.POP.TOTL,45847
Turks and Caicos Islands,TCA,"Life expectancy at birth, total (years)",SP.DYN.LE00.IN,74.925
Turks and Caicos Islands,TCA,GDP per capita (current US$),NY.GDP.PCAP.CD,26802.0673752091
Tuvalu,TUV,"Population, total",SP.POP.TOTL,9992
Tuvalu,TUV,"Life expectancy at birth, total (years)",SP.DYN.LE00.IN,64.854
Tuvalu,TUV,GDP per capita (current US$),NY.GDP.PCAP.CD,5911.32727055301
Uganda,UGA,"Population, total",SP.POP.TOTL,47312719
Uganda,UGA,"Life expectancy at birth, total (years)",SP.DYN.LE00.IN,63.638
Uganda,UGA,GDP per capita (current US$),NY.GDP.PCAP.CD,963.067314117178
Ukraine,UKR,"Population, total",SP.POP.TOTL,41048766
Ukraine,UKR,"Life expectancy at birth, total (years)",SP.DYN.LE00.IN,68.5879268292683
Ukraine,UKR,GDP per capita (current US$),NY.GDP.PCAP.CD,4199.6708984375
United Arab Emirates,ARE,"Population, total",SP.POP.TOTL,10074977
United Arab Emirates,ARE,"Life expectancy at birth, total (years)",SP.DYN.LE00.IN,79.196
United Arab Emirates,ARE,GDP per capita (current US$),NY.GDP.PCAP.CD,49899.0652978649
United Kingdom,GBR,"Population, total",SP.POP.TOTL,67791000
United Kingdom,GBR,"Life expectancy at birth, total (years)",SP.DYN.LE00.IN,82.0585365853659
United Kingdom,GBR,GDP per capita (current US$),NY.GDP.PCAP.CD,45935.9276473925
United States,USA,"Population, total",SP.POP.TOTL,333271411
United States,USA,"Life expectancy at birth, total (years)",SP.DYN.LE00.IN,77.4341463414634
United States,USA,GDP per capita (current US$),NY.GDP.PCAP.CD,78035.1753604212
Uruguay,URY,"Population, total",SP.POP.TOTL,3390913
Uruguay,URY,"Life expectancy at birth, total (years)",SP.DYN.LE00.IN,78
Uruguay,URY,GDP per capita (current US$),NY.GDP.PCAP.CD,20691.9738991763
Uzbekistan,UZB,"Population, total",SP.POP.TOTL,34938955
Uzbekistan,UZB,"Life expectancy at birth, total (years)",SP.DYN.LE00.IN,71.674
Uzbekistan,UZB,GDP per capita (current US$),NY.GDP.PCAP.CD,2578.66689394219
Vanuatu,VUT,"Population, total",SP.POP.TOTL,313046
Vanuatu,VUT,"Life expectancy at birth, total (years)",SP.DYN.LE00.IN,70.492
Vanuatu,VUT,GDP per capita (current US$),NY.GDP.PCAP.CD,3265.39645133096
"Venezuela, RB",VEN,"Population, total",SP.POP.TOTL,28213017
"Venezuela, RB",VEN,"Life expectancy at birth, total (years)",SP.DYN.LE00.IN,71.105
"Venezuela, RB",VEN,GDP per capita (current US$),NY.GDP.PCAP.CD,..
Viet Nam,VNM,"Population, total",SP.POP.TOTL,99680655
Viet Nam,VNM,"Life expectancy at birth, total (years)",SP.DYN.LE00.IN,74.58
Viet Nam,VNM,GDP per capita (current US$),NY.GDP.PCAP.CD,4116.38576094153
Virgin Islands (U.S.),VIR,"Population, total",SP.POP.TOTL,105413
Virgin Islands (U.S.),VIR,"Life expectancy at birth, total (years)",SP.DYN.LE00.IN,80.319512195122
Virgin Islands (U.S.),VIR,GDP per capita (current US$),NY.GDP.PCAP.CD,44320.909185774
West Bank and Gaza,PSE,"Population, total",SP.POP.TOTL,5043612
West Bank and Gaza,PSE,"Life expectancy at birth, total (years)",SP.DYN.LE00.IN,73.444
West Bank and Gaza,PSE,GDP per capita (current US$),NY.GDP.PCAP.CD,3799.95527015163
"Yemen, Rep.",YEM,"Population, total",SP.POP.TOTL,38222876
"Yemen, Rep.",YEM,"Life expectancy at birth, total (years)",SP.DYN.LE00.IN,63.72
"Yemen, Rep.",YEM,GDP per capita (current US$),NY.GDP.PCAP.CD,615.70207931388
Zambia,ZMB,"Population, total",SP.POP.TOTL,20152938
Zambia,ZMB,"Life expectancy at birth, total (years)",SP.DYN.LE00.IN,61.803
Zambia,ZMB,GDP per capita (current US$),NY.GDP.PCAP.CD,1447.12310138035
Zimbabwe,ZWE,"Population, total",SP.POP.TOTL,16069056
Zimbabwe,ZWE,"Life expectancy at birth, total (years)",SP.DYN.LE00.IN,59.391
Zimbabwe,ZWE,GDP per capita (current US$),NY.GDP.PCAP.CD,2040.55245910726
,,,,
,,,,
,,,,
Data from database: World Development Indicators,,,,
Last Updated: 01/28/2025,,,,
Code,License Type,Indicator Name,Long definition,Source,Topic,Periodicity,Aggregation method,Statistical concept and methodology,Development relevance,Limitations and exceptions,General comments,License URL
SP.POP.TOTL,CC BY-4.0,"Population, total","Total population is based on the de facto definition of population, which counts all residents regardless of legal status or citizenship. The values shown are midyear estimates.",(1) United Nations Population Division. World Population Prospects: 2024 Revision; (2) Statistical databases and publications from national statistical offices; (3) Eurostat: Demographic Statistics; (4) United Nations Statistics Division. Population and Vital Statistics Report (various years).,Health: Population: Structure,Annual,Sum,"Population estimates are usually based on national population censuses, and estimates of fertility, mortality and migration.

Errors and undercounting in census occur even in high-income countries.  In developing countries errors may be substantial because of limits in the transport, communications, and other resources required to conduct and analyze a full census.

The quality and reliability of official demographic data are also affected by public trust in the government, government commitment to full and accurate enumeration, confidentiality and protection against misuse of census data, and census agencies' independence from political influence. Moreover, comparability of population indicators is limited by differences in the concepts, definitions, collection procedures, and estimation methods used by national statistical agencies and other organizations that collect the data.

The currentness of a census and the availability of complementary data from surveys or registration systems are objective ways to judge demographic data quality. Some European countries' registration systems offer complete information on population in the absence of a census.

The United Nations Statistics Division monitors the completeness of vital registration systems. Some developing countries have made progress over the last 60 years, but others still have deficiencies in civil registration systems.

International migration is the only other factor besides birth and death rates that directly determines a country's population change. Estimating migration is difficult. At any time many people are located outside their home country as tourists, workers, or refugees or for other reasons. Standards for the duration and purpose of international moves that qualify as migration vary, and estimates require information on flows into and out of countries that is difficult to collect.

Population projections, starting from a base year are projected forward using assumptions of mortality, fertility, and migration by age and sex through 2050, based on the UN Population Division's World Population Prospects database medium variant.","Increases in human population, whether as a result of immigration or more births than deaths, can impact natural resources and social infrastructure.  This can place pressure on a country's sustainability.  A significant growth in population will negatively impact the availability of land for agricultural production, and will aggravate demand for food, energy, water, social services, and infrastructure. On the other hand, decreasing population size - a result of fewer births than deaths, and people moving out of a country - can impact a government's commitment to maintain services and infrastructure.","Current population estimates for developing countries that lack (i) reliable recent census data, and (ii) pre- and post-census estimates for countries with census data, are provided by the United Nations Population Division and other agencies. 

The cohort component method - a standard method for estimating and projecting population - requires fertility, mortality, and net migration data, often collected from sample surveys, which can be small or limited in coverage. Population estimates are from demographic modeling and so are susceptible to biases and errors from shortcomings in both the model and the data.

Because future trends cannot be known with certainty, population projections have a wide range of uncertainty.",Relevance to gender indicator: disaggregating the population composition by gender will help a country in projecting its demand for social services on a gender basis.,https://datacatalog.worldbank.org/public-licenses#cc-by
SP.DYN.LE00.IN,CC BY-4.0,"Life expectancy at birth, total (years)",Life expectancy at birth indicates the number of years a newborn infant would live if prevailing patterns of mortality at the time of its birth were to stay the same throughout its life.,(1) United Nations Population Division. World Population Prospects: 2022 Revision; or derived from male and female life expectancy at birth from sources such as: (2) Statistical databases and publications from national statistical offices; (3) Eurostat: Demographic Statistics.,Health: Mortality,Annual,Weighted average,"Life expectancy at birth used here is the average number of years a newborn is expected to live if mortality patterns at the time of its birth remain constant in the future. It reflects the overall mortality level of a population, and summarizes the mortality pattern that prevails across all age groups in a given year. It is calculated in a period life table which provides a snapshot of a population's mortality pattern at a given time. It therefore does not reflect the mortality pattern that a person actually experiences during his/her life, which can be calculated in a cohort life table.

High mortality in young age groups significantly lowers the life expectancy at birth. But if a person survives his/her childhood of high mortality, he/she may live much longer. For example, in a population with a life expectancy at birth of 50, there may be few people dying at age 50. The life expectancy at birth may be low due to the high childhood mortality so that once a person survives his/her childhood, he/she may live much longer than 50 years.","Mortality rates for different age groups (infants, children, and adults) and overall mortality indicators (life expectancy at birth or survival to a given age) are important indicators of health status in a country. Because data on the incidence and prevalence of diseases are frequently unavailable, mortality rates are often used to identify vulnerable populations. And they are among the indicators most frequently used to compare socioeconomic development across countries.",,,https://datacatalog.worldbank.org/public-licenses#cc-by
NY.GDP.PCAP.CD,CC BY-4.0,GDP per capita (current US$),GDP per capita is gross domestic product divided by midyear population. GDP is the sum of gross value added by all resident producers in the economy plus any product taxes and minus any subsidies not included in the value of the products. It is calculated without making deductions for depreciation of fabricated assets or for depletion and degradation of natural resources. Data are in current U.S. dollars.,"World Bank national accounts data, and OECD National Accounts data files.",Economic Policy & Debt: National accounts: US$ at current prices: Aggregate indicators,Annual,Weighted average,"For more information, see the metadata for current U.S. dollar GDP (NY.GDP.MKTP.CD) and total population (SP.POP.TOTL).",,,,https://datacatalog.worldbank.org/public-licenses#cc-by
